[{"model": "admin.logentry", "pk": 63, "fields": {"action_time": "2024-03-03T15:05:49.168Z", "user": 2, "content_type": 7, "object_id": "18", "object_repr": "desi", "action_flag": 3, "change_message": ""}}, {"model": "admin.logentry", "pk": 64, "fields": {"action_time": "2024-03-03T17:17:05.938Z", "user": 2, "content_type": 3, "object_id": "1", "object_repr": "owner", "action_flag": 1, "change_message": "[{\"added\": {}}]"}}, {"model": "admin.logentry", "pk": 65, "fields": {"action_time": "2024-03-03T17:17:29.210Z", "user": 2, "content_type": 3, "object_id": "2", "object_repr": "manager", "action_flag": 1, "change_message": "[{\"added\": {}}]"}}, {"model": "admin.logentry", "pk": 66, "fields": {"action_time": "2024-03-03T17:17:47.135Z", "user": 2, "content_type": 3, "object_id": "3", "object_repr": "cashier", "action_flag": 1, "change_message": "[{\"added\": {}}]"}}, {"model": "admin.logentry", "pk": 67, "fields": {"action_time": "2024-03-03T17:18:11.940Z", "user": 2, "content_type": 3, "object_id": "3", "object_repr": "cashier", "action_flag": 2, "change_message": "[]"}}, {"model": "admin.logentry", "pk": 68, "fields": {"action_time": "2024-03-03T17:22:20.654Z", "user": 2, "content_type": 4, "object_id": "2", "object_repr": "ibad", "action_flag": 2, "change_message": "[{\"changed\": {\"fields\": [\"Groups\"]}}]"}}, {"model": "admin.logentry", "pk": 69, "fields": {"action_time": "2024-03-03T17:22:39.008Z", "user": 2, "content_type": 4, "object_id": "1", "object_repr": "umer", "action_flag": 2, "change_message": "[{\"changed\": {\"fields\": [\"Groups\"]}}]"}}, {"model": "admin.logentry", "pk": 70, "fields": {"action_time": "2024-03-03T17:27:34.759Z", "user": 2, "content_type": 4, "object_id": "3", "object_repr": "tuaseen", "action_flag": 1, "change_message": "[{\"added\": {}}]"}}, {"model": "admin.logentry", "pk": 71, "fields": {"action_time": "2024-03-03T17:28:02.540Z", "user": 2, "content_type": 4, "object_id": "3", "object_repr": "tuaseen", "action_flag": 2, "change_message": "[{\"changed\": {\"fields\": [\"Groups\", \"User permissions\"]}}]"}}, {"model": "admin.logentry", "pk": 72, "fields": {"action_time": "2024-03-03T17:28:38.406Z", "user": 2, "content_type": 4, "object_id": "3", "object_repr": "tuaseen", "action_flag": 2, "change_message": "[{\"changed\": {\"fields\": [\"First name\", \"Last name\", \"Staff status\", \"Superuser status\"]}}]"}}, {"model": "admin.logentry", "pk": 73, "fields": {"action_time": "2024-03-03T17:52:07.762Z", "user": 2, "content_type": 4, "object_id": "2", "object_repr": "ibad", "action_flag": 2, "change_message": "[]"}}, {"model": "admin.logentry", "pk": 74, "fields": {"action_time": "2024-03-03T18:01:06.746Z", "user": 2, "content_type": 4, "object_id": "4", "object_repr": "Kashif", "action_flag": 1, "change_message": "[{\"added\": {}}]"}}, {"model": "admin.logentry", "pk": 75, "fields": {"action_time": "2024-03-03T18:01:28.252Z", "user": 2, "content_type": 4, "object_id": "4", "object_repr": "Kashif", "action_flag": 2, "change_message": "[{\"changed\": {\"fields\": [\"Groups\", \"User permissions\"]}}]"}}, {"model": "admin.logentry", "pk": 76, "fields": {"action_time": "2024-03-03T18:02:16.751Z", "user": 2, "content_type": 4, "object_id": "4", "object_repr": "Kashif", "action_flag": 2, "change_message": "[{\"changed\": {\"fields\": [\"Staff status\", \"Superuser status\"]}}]"}}, {"model": "admin.logentry", "pk": 77, "fields": {"action_time": "2024-03-03T18:11:36.465Z", "user": 2, "content_type": 4, "object_id": "5", "object_repr": "shahzaib", "action_flag": 1, "change_message": "[{\"added\": {}}]"}}, {"model": "admin.logentry", "pk": 78, "fields": {"action_time": "2024-03-03T18:11:56.744Z", "user": 2, "content_type": 4, "object_id": "5", "object_repr": "shahzaib", "action_flag": 2, "change_message": "[{\"changed\": {\"fields\": [\"Staff status\", \"Superuser status\", \"Groups\", \"User permissions\"]}}]"}}, {"model": "admin.logentry", "pk": 81, "fields": {"action_time": "2024-03-04T22:09:42.841Z", "user": 2, "content_type": 4, "object_id": "4", "object_repr": "Kashif", "action_flag": 3, "change_message": ""}}, {"model": "admin.logentry", "pk": 82, "fields": {"action_time": "2024-03-04T22:09:42.852Z", "user": 2, "content_type": 4, "object_id": "6", "object_repr": "ahsan", "action_flag": 3, "change_message": ""}}, {"model": "admin.logentry", "pk": 83, "fields": {"action_time": "2024-03-04T22:09:42.852Z", "user": 2, "content_type": 4, "object_id": "5", "object_repr": "shahzaib", "action_flag": 3, "change_message": ""}}, {"model": "admin.logentry", "pk": 84, "fields": {"action_time": "2024-03-04T22:09:42.865Z", "user": 2, "content_type": 4, "object_id": "3", "object_repr": "tuaseen", "action_flag": 3, "change_message": ""}}, {"model": "admin.logentry", "pk": 85, "fields": {"action_time": "2024-03-04T22:10:21.231Z", "user": 2, "content_type": 4, "object_id": "7", "object_repr": "tuaseen", "action_flag": 1, "change_message": "[{\"added\": {}}]"}}, {"model": "admin.logentry", "pk": 86, "fields": {"action_time": "2024-03-04T22:10:46.772Z", "user": 2, "content_type": 4, "object_id": "7", "object_repr": "tuaseen", "action_flag": 2, "change_message": "[{\"changed\": {\"fields\": [\"Staff status\", \"Superuser status\", \"Groups\", \"User permissions\"]}}]"}}, {"model": "admin.logentry", "pk": 87, "fields": {"action_time": "2024-03-04T22:40:23.279Z", "user": 2, "content_type": 4, "object_id": "1", "object_repr": "umer", "action_flag": 3, "change_message": ""}}, {"model": "admin.logentry", "pk": 88, "fields": {"action_time": "2024-03-04T22:40:44.176Z", "user": 2, "content_type": 4, "object_id": "8", "object_repr": "umer", "action_flag": 1, "change_message": "[{\"added\": {}}]"}}, {"model": "admin.logentry", "pk": 89, "fields": {"action_time": "2024-03-04T22:40:59.779Z", "user": 2, "content_type": 4, "object_id": "8", "object_repr": "umer", "action_flag": 2, "change_message": "[{\"changed\": {\"fields\": [\"Staff status\", \"Superuser status\", \"Groups\", \"User permissions\"]}}]"}}, {"model": "auth.permission", "pk": 1, "fields": {"name": "Can add log entry", "content_type": 1, "codename": "add_logentry"}}, {"model": "auth.permission", "pk": 2, "fields": {"name": "Can change log entry", "content_type": 1, "codename": "change_logentry"}}, {"model": "auth.permission", "pk": 3, "fields": {"name": "Can delete log entry", "content_type": 1, "codename": "delete_logentry"}}, {"model": "auth.permission", "pk": 4, "fields": {"name": "Can view log entry", "content_type": 1, "codename": "view_logentry"}}, {"model": "auth.permission", "pk": 5, "fields": {"name": "Can add permission", "content_type": 2, "codename": "add_permission"}}, {"model": "auth.permission", "pk": 6, "fields": {"name": "Can change permission", "content_type": 2, "codename": "change_permission"}}, {"model": "auth.permission", "pk": 7, "fields": {"name": "Can delete permission", "content_type": 2, "codename": "delete_permission"}}, {"model": "auth.permission", "pk": 8, "fields": {"name": "Can view permission", "content_type": 2, "codename": "view_permission"}}, {"model": "auth.permission", "pk": 9, "fields": {"name": "Can add group", "content_type": 3, "codename": "add_group"}}, {"model": "auth.permission", "pk": 10, "fields": {"name": "Can change group", "content_type": 3, "codename": "change_group"}}, {"model": "auth.permission", "pk": 11, "fields": {"name": "Can delete group", "content_type": 3, "codename": "delete_group"}}, {"model": "auth.permission", "pk": 12, "fields": {"name": "Can view group", "content_type": 3, "codename": "view_group"}}, {"model": "auth.permission", "pk": 13, "fields": {"name": "Can add user", "content_type": 4, "codename": "add_user"}}, {"model": "auth.permission", "pk": 14, "fields": {"name": "Can change user", "content_type": 4, "codename": "change_user"}}, {"model": "auth.permission", "pk": 15, "fields": {"name": "Can delete user", "content_type": 4, "codename": "delete_user"}}, {"model": "auth.permission", "pk": 16, "fields": {"name": "Can view user", "content_type": 4, "codename": "view_user"}}, {"model": "auth.permission", "pk": 17, "fields": {"name": "Can add content type", "content_type": 5, "codename": "add_contenttype"}}, {"model": "auth.permission", "pk": 18, "fields": {"name": "Can change content type", "content_type": 5, "codename": "change_contenttype"}}, {"model": "auth.permission", "pk": 19, "fields": {"name": "Can delete content type", "content_type": 5, "codename": "delete_contenttype"}}, {"model": "auth.permission", "pk": 20, "fields": {"name": "Can view content type", "content_type": 5, "codename": "view_contenttype"}}, {"model": "auth.permission", "pk": 21, "fields": {"name": "Can add session", "content_type": 6, "codename": "add_session"}}, {"model": "auth.permission", "pk": 22, "fields": {"name": "Can change session", "content_type": 6, "codename": "change_session"}}, {"model": "auth.permission", "pk": 23, "fields": {"name": "Can delete session", "content_type": 6, "codename": "delete_session"}}, {"model": "auth.permission", "pk": 24, "fields": {"name": "Can view session", "content_type": 6, "codename": "view_session"}}, {"model": "auth.permission", "pk": 25, "fields": {"name": "Can add category", "content_type": 7, "codename": "add_category"}}, {"model": "auth.permission", "pk": 26, "fields": {"name": "Can change category", "content_type": 7, "codename": "change_category"}}, {"model": "auth.permission", "pk": 27, "fields": {"name": "Can delete category", "content_type": 7, "codename": "delete_category"}}, {"model": "auth.permission", "pk": 28, "fields": {"name": "Can view category", "content_type": 7, "codename": "view_category"}}, {"model": "auth.permission", "pk": 29, "fields": {"name": "Can add inventory", "content_type": 8, "codename": "add_inventory"}}, {"model": "auth.permission", "pk": 30, "fields": {"name": "Can change inventory", "content_type": 8, "codename": "change_inventory"}}, {"model": "auth.permission", "pk": 31, "fields": {"name": "Can delete inventory", "content_type": 8, "codename": "delete_inventory"}}, {"model": "auth.permission", "pk": 32, "fields": {"name": "Can view inventory", "content_type": 8, "codename": "view_inventory"}}, {"model": "auth.permission", "pk": 33, "fields": {"name": "Can add order", "content_type": 9, "codename": "add_order"}}, {"model": "auth.permission", "pk": 34, "fields": {"name": "Can change order", "content_type": 9, "codename": "change_order"}}, {"model": "auth.permission", "pk": 35, "fields": {"name": "Can delete order", "content_type": 9, "codename": "delete_order"}}, {"model": "auth.permission", "pk": 36, "fields": {"name": "Can view order", "content_type": 9, "codename": "view_order"}}, {"model": "auth.permission", "pk": 37, "fields": {"name": "Can add product", "content_type": 10, "codename": "add_product"}}, {"model": "auth.permission", "pk": 38, "fields": {"name": "Can change product", "content_type": 10, "codename": "change_product"}}, {"model": "auth.permission", "pk": 39, "fields": {"name": "Can delete product", "content_type": 10, "codename": "delete_product"}}, {"model": "auth.permission", "pk": 40, "fields": {"name": "Can view product", "content_type": 10, "codename": "view_product"}}, {"model": "auth.permission", "pk": 41, "fields": {"name": "Can add item", "content_type": 11, "codename": "add_item"}}, {"model": "auth.permission", "pk": 42, "fields": {"name": "Can change item", "content_type": 11, "codename": "change_item"}}, {"model": "auth.permission", "pk": 43, "fields": {"name": "Can delete item", "content_type": 11, "codename": "delete_item"}}, {"model": "auth.permission", "pk": 44, "fields": {"name": "Can view item", "content_type": 11, "codename": "view_item"}}, {"model": "auth.permission", "pk": 45, "fields": {"name": "Can add ingredients", "content_type": 12, "codename": "add_ingredients"}}, {"model": "auth.permission", "pk": 46, "fields": {"name": "Can change ingredients", "content_type": 12, "codename": "change_ingredients"}}, {"model": "auth.permission", "pk": 47, "fields": {"name": "Can delete ingredients", "content_type": 12, "codename": "delete_ingredients"}}, {"model": "auth.permission", "pk": 48, "fields": {"name": "Can view ingredients", "content_type": 12, "codename": "view_ingredients"}}, {"model": "auth.group", "pk": 1, "fields": {"name": "owner", "permissions": [1, 2, 3, 4, 9, 10, 11, 12, 5, 6, 7, 8, 13, 14, 15, 16, 17, 18, 19, 20, 25, 26, 27, 28, 45, 46, 47, 48, 29, 30, 31, 32, 41, 42, 43, 44, 33, 34, 35, 36, 37, 38, 39, 40, 21, 22, 23, 24]}}, {"model": "auth.group", "pk": 2, "fields": {"name": "manager", "permissions": [1, 2, 3, 4, 9, 10, 11, 12, 5, 6, 7, 8, 13, 14, 15, 16, 17, 18, 19, 20, 25, 26, 27, 28, 45, 46, 47, 48, 29, 30, 31, 32, 41, 42, 43, 44, 33, 34, 35, 36, 37, 38, 39, 40, 21, 22, 23, 24]}}, {"model": "auth.group", "pk": 3, "fields": {"name": "cashier", "permissions": [1, 2, 3, 4, 9, 10, 11, 12, 5, 6, 7, 8, 13, 14, 15, 16, 17, 18, 19, 20, 25, 26, 27, 28, 45, 46, 47, 48, 29, 30, 31, 32, 41, 42, 43, 44, 33, 34, 35, 36, 37, 38, 39, 40, 21, 22, 23, 24]}}, {"model": "auth.user", "pk": 2, "fields": {"password": "pbkdf2_sha256$720000$fAJwH8oSup2ocvOzIPvcHc$t9QCLM4QEER0n+mjZupCNM4Rtjav+cb97oaTaORzzhQ=", "last_login": "2024-03-04T22:58:40.713Z", "is_superuser": true, "username": "ibad", "first_name": "", "last_name": "", "email": "", "is_staff": true, "is_active": true, "date_joined": "2024-02-29T23:39:33Z", "groups": [1], "user_permissions": []}}, {"model": "auth.user", "pk": 7, "fields": {"password": "pbkdf2_sha256$720000$Bmal3IhZ102HSy5e0yhtEx$RXzx01YGTJmVEQz4zUiv6U3e0nLPa0FzGUaqo3cLC7M=", "last_login": "2024-03-04T22:37:14.332Z", "is_superuser": true, "username": "tuaseen", "first_name": "", "last_name": "", "email": "", "is_staff": true, "is_active": true, "date_joined": "2024-03-04T22:10:20Z", "groups": [3], "user_permissions": [1, 2, 3, 4, 9, 10, 11, 12, 5, 6, 7, 8, 13, 14, 15, 16, 17, 18, 19, 20, 25, 26, 27, 28, 45, 46, 47, 48, 29, 30, 31, 32, 41, 42, 43, 44, 33, 34, 35, 36, 37, 38, 39, 40, 21, 22, 23, 24]}}, {"model": "auth.user", "pk": 8, "fields": {"password": "pbkdf2_sha256$720000$JupumkQcn45UHQIxcAs4jj$rL6bioEJsJp2FvAI3U/3THvqF4XXTE6nvZ3sqHQFS/o=", "last_login": "2024-03-04T23:03:13.705Z", "is_superuser": true, "username": "umer", "first_name": "", "last_name": "", "email": "", "is_staff": true, "is_active": true, "date_joined": "2024-03-04T22:40:43Z", "groups": [2], "user_permissions": [1, 2, 3, 4, 9, 10, 11, 12, 5, 6, 7, 8, 13, 14, 15, 16, 17, 18, 19, 20, 25, 26, 27, 28, 45, 46, 47, 48, 29, 30, 31, 32, 41, 42, 43, 44, 33, 34, 35, 36, 37, 38, 39, 40, 21, 22, 23, 24]}}, {"model": "contenttypes.contenttype", "pk": 1, "fields": {"app_label": "admin", "model": "logentry"}}, {"model": "contenttypes.contenttype", "pk": 2, "fields": {"app_label": "auth", "model": "permission"}}, {"model": "contenttypes.contenttype", "pk": 3, "fields": {"app_label": "auth", "model": "group"}}, {"model": "contenttypes.contenttype", "pk": 4, "fields": {"app_label": "auth", "model": "user"}}, {"model": "contenttypes.contenttype", "pk": 5, "fields": {"app_label": "contenttypes", "model": "contenttype"}}, {"model": "contenttypes.contenttype", "pk": 6, "fields": {"app_label": "sessions", "model": "session"}}, {"model": "contenttypes.contenttype", "pk": 7, "fields": {"app_label": "inventory", "model": "category"}}, {"model": "contenttypes.contenttype", "pk": 8, "fields": {"app_label": "inventory", "model": "inventory"}}, {"model": "contenttypes.contenttype", "pk": 9, "fields": {"app_label": "inventory", "model": "order"}}, {"model": "contenttypes.contenttype", "pk": 10, "fields": {"app_label": "inventory", "model": "product"}}, {"model": "contenttypes.contenttype", "pk": 11, "fields": {"app_label": "inventory", "model": "item"}}, {"model": "contenttypes.contenttype", "pk": 12, "fields": {"app_label": "inventory", "model": "ingredients"}}, {"model": "sessions.session", "pk": "c738roq8bv5wtq66tdikvqh43nutv3rl", "fields": {"session_data": ".eJxVjEEOwiAQRe_C2hCgMIhL9z0DmQFGqoYmpV0Z765NutDtf-_9l4i4rTVuvSxxyuIijDj9boTpUdoO8h3bbZZpbusykdwVedAuxzmX5_Vw_w4q9vqtrdKYuBgPwIyUgQDPxSY_sFZ-AEXZK8BknEag4IxnWzICB0cpsBbvD_zOOJA:1rfq2T:w3h70kB5ma74j8R9RDf_PXIdNhBN7Y9EOo7pOsMz0uU", "expire_date": "2024-03-14T23:42:09.368Z"}}, {"model": "sessions.session", "pk": "mzb733keo4jylh30p5x36daxij0mvfmm", "fields": {"session_data": ".eJxVjEsOwjAMBe-SNYpst40dlux7hipxDC2gVupnhbg7VOoCtm9m3st1aVv7blts7obizk7c6XfLSR827qDc03ibvE7jOg_Z74o_6OLbqdjzcrh_B31a-m-tOSIhGoMyBSYpKvEqTSh1DFWtwMQmhBmpJmCQinOjFUKx1Cige38At282fQ:1rhHKz:QauNRta0UXzGFIMC_PcrFHa6ZfwdXIlT6A5qsgz-OUM", "expire_date": "2024-03-18T23:03:13.705Z"}}, {"model": "sessions.session", "pk": "rygy8fffzldl7ocm3rpm240wxxlqnwgw", "fields": {"session_data": ".eJxVjDEOwjAMRe-SGUVNKyeYkZ0zRLbjkgJKpKadKu4OlTrA-t97fzOR1iXHtekcp2QuxpnT78YkTy07SA8q92qllmWe2O6KPWizt5r0dT3cv4NMLX_rPoAngISOuoAjJwCPAwogo7CMdB6UAzgAkIC9C0E9kXfqkgp03rw_15A3ug:1reY2S:8XCmJaQBBje1R8YUfxgScsbX72i3h260KO7RTlFo8Ys", "expire_date": "2024-03-11T10:16:48.473Z"}}, {"model": "sessions.session", "pk": "tmm87xst370i3hktnipehlxtym03oiw5", "fields": {"session_data": ".eJxVjDEOwjAMRe-SGUVNKyeYkZ0zRLbjkgJKpKadKu4OlTrA-t97fzOR1iXHtekcp2QuxpnT78YkTy07SA8q92qllmWe2O6KPWizt5r0dT3cv4NMLX_rPoAngISOuoAjJwCPAwogo7CMdB6UAzgAkIC9C0E9kXfqkgp03rw_15A3ug:1reYBw:pq__DqapY2xQP0UTEJp48GC4jx13C5lwyjgwznjvmW0", "expire_date": "2024-03-11T10:26:36.904Z"}}, {"model": "sessions.session", "pk": "ztpygowpkfhc86o4wlwkj9hf1k26wxju", "fields": {"session_data": ".eJxVjDEOwjAMRe-SGUVNKyeYkZ0zRLbjkgJKpKadKu4OlTrA-t97fzOR1iXHtekcp2QuxpnT78YkTy07SA8q92qllmWe2O6KPWizt5r0dT3cv4NMLX_rPoAngISOuoAjJwCPAwogo7CMdB6UAzgAkIC9C0E9kXfqkgp03rw_15A3ug:1reL07:8FRCzTvoYjWdOmo-gpSfYinMzMQVqM1uKXwTOoCe-LM", "expire_date": "2024-03-10T20:21:31.571Z"}}, {"model": "inventory.category", "pk": 14, "fields": {"category_name": "Burger", "category_image": "category_images/burger_logo.jpg"}}, {"model": "inventory.category", "pk": 15, "fields": {"category_name": "Pasta", "category_image": "category_images/pasta_logo.jpg"}}, {"model": "inventory.category", "pk": 16, "fields": {"category_name": "Sandwhich", "category_image": "category_images/sandwhich_logo.jpg"}}, {"model": "inventory.category", "pk": 17, "fields": {"category_name": "Pizza", "category_image": "category_images/pizza_logo.jpg"}}, {"model": "inventory.product", "pk": 28, "fields": {"category": 14, "product_name": "Double Decker Chicken Burger", "price": "500.00", "product_image": "product_images/double_decker.jpg"}}, {"model": "inventory.product", "pk": 29, "fields": {"category": 14, "product_name": "Chicken Cheese Burger", "price": "360.00", "product_image": "product_images/chicken_cheese.jpg"}}, {"model": "inventory.product", "pk": 30, "fields": {"category": 14, "product_name": "Chicken Burger", "price": "300.00", "product_image": "product_images/chicken_burger.jpg"}}, {"model": "inventory.product", "pk": 31, "fields": {"category": 14, "product_name": "Beef Burger", "price": "600.00", "product_image": "product_images/beef_burger.jpg"}}, {"model": "inventory.product", "pk": 32, "fields": {"category": 15, "product_name": "Spaghetti Bolognese", "price": "600.00", "product_image": "product_images/spaghetti1.jpg"}}, {"model": "inventory.product", "pk": 33, "fields": {"category": 15, "product_name": "Chicken Chowmein", "price": "500.00", "product_image": "product_images/Chicken_Chowmein.jpg"}}, {"model": "inventory.product", "pk": 34, "fields": {"category": 15, "product_name": "Chicken Tikka Lasagna", "price": "800.00", "product_image": "product_images/Chicken_Tikka_Lasagna.jpg"}}, {"model": "inventory.product", "pk": 35, "fields": {"category": 15, "product_name": "Fettuccine Alfredo Pasta", "price": "900.00", "product_image": "product_images/Fettuccine_Alfredo_Pasta.jpg"}}, {"model": "inventory.product", "pk": 36, "fields": {"category": 17, "product_name": "Chicken Supreme", "price": "450.00", "product_image": "product_images/Chicken_Supreme.jpg"}}, {"model": "inventory.product", "pk": 37, "fields": {"category": 17, "product_name": "Chicken Fajita", "price": "450.00", "product_image": "product_images/Chicken_Fajita.jpg"}}, {"model": "inventory.product", "pk": 38, "fields": {"category": 17, "product_name": "Afghani Feast", "price": "550.00", "product_image": "product_images/Afghani_Feast.jpg"}}, {"model": "inventory.product", "pk": 39, "fields": {"category": 17, "product_name": "Chicken Malai", "price": "550.00", "product_image": "product_images/Chicken_Malai.jpg"}}, {"model": "inventory.product", "pk": 40, "fields": {"category": 16, "product_name": "Club Sandwich", "price": "500.00", "product_image": "product_images/clubsandwich.jpg"}}, {"model": "inventory.product", "pk": 41, "fields": {"category": 16, "product_name": "Grilled Chicken Breast Sandwich", "price": "700.00", "product_image": "product_images/Grilled_Chicken_Breast_Sandwich.jpg"}}, {"model": "inventory.product", "pk": 42, "fields": {"category": 16, "product_name": "Grilled Cheese Sandwich", "price": "550.00", "product_image": "product_images/Grilled_Cheese_Sandwich.jpg"}}, {"model": "inventory.product", "pk": 43, "fields": {"category": 16, "product_name": "Hunter Beef Sandwich", "price": "850.00", "product_image": "product_images/hunter_sandwich.jpg"}}, {"model": "inventory.inventory", "pk": 6, "fields": {"inventory_name": "Chicken Patty", "availability": "28.00", "unit_choices": "pcs"}}, {"model": "inventory.inventory", "pk": 7, "fields": {"inventory_name": "Beef Patty", "availability": "38.00", "unit_choices": "pcs"}}, {"model": "inventory.inventory", "pk": 8, "fields": {"inventory_name": "Marconies", "availability": "29.00", "unit_choices": "kg"}}, {"model": "inventory.inventory", "pk": 9, "fields": {"inventory_name": "Noodles", "availability": "15.60", "unit_choices": "kg"}}, {"model": "inventory.inventory", "pk": 10, "fields": {"inventory_name": "Cheese", "availability": "65.00", "unit_choices": "pcs"}}, {"model": "inventory.inventory", "pk": 11, "fields": {"inventory_name": "Raw Chicken", "availability": "53.70", "unit_choices": "kg"}}, {"model": "inventory.inventory", "pk": 12, "fields": {"inventory_name": "Flour", "availability": "69.00", "unit_choices": "kg"}}, {"model": "inventory.inventory", "pk": 13, "fields": {"inventory_name": "Raw Beef", "availability": "35.00", "unit_choices": "kg"}}, {"model": "inventory.inventory", "pk": 14, "fields": {"inventory_name": "Bread", "availability": "288.00", "unit_choices": "pcs"}}, {"model": "inventory.inventory", "pk": 15, "fields": {"inventory_name": "Bun", "availability": "26.00", "unit_choices": "pcs"}}, {"model": "inventory.ingredients", "pk": 31, "fields": {"product": 28, "inventory": 6, "quantity": "2.00", "unit_choices": "pcs"}}, {"model": "inventory.ingredients", "pk": 32, "fields": {"product": 28, "inventory": 15, "quantity": "1.00", "unit_choices": "pcs"}}, {"model": "inventory.ingredients", "pk": 33, "fields": {"product": 29, "inventory": 6, "quantity": "1.00", "unit_choices": "pcs"}}, {"model": "inventory.ingredients", "pk": 34, "fields": {"product": 29, "inventory": 10, "quantity": "1.00", "unit_choices": "pcs"}}, {"model": "inventory.ingredients", "pk": 35, "fields": {"product": 30, "inventory": 6, "quantity": "1.00", "unit_choices": "pcs"}}, {"model": "inventory.ingredients", "pk": 36, "fields": {"product": 29, "inventory": 15, "quantity": "1.00", "unit_choices": "pcs"}}, {"model": "inventory.ingredients", "pk": 37, "fields": {"product": 30, "inventory": 15, "quantity": "1.00", "unit_choices": "pcs"}}, {"model": "inventory.ingredients", "pk": 38, "fields": {"product": 31, "inventory": 7, "quantity": "1.00", "unit_choices": "pcs"}}, {"model": "inventory.ingredients", "pk": 39, "fields": {"product": 31, "inventory": 15, "quantity": "1.00", "unit_choices": "pcs"}}, {"model": "inventory.ingredients", "pk": 40, "fields": {"product": 32, "inventory": 11, "quantity": "0.40", "unit_choices": "kg"}}, {"model": "inventory.ingredients", "pk": 41, "fields": {"product": 32, "inventory": 9, "quantity": "0.50", "unit_choices": "kg"}}, {"model": "inventory.ingredients", "pk": 42, "fields": {"product": 33, "inventory": 11, "quantity": "0.30", "unit_choices": "kg"}}, {"model": "inventory.ingredients", "pk": 43, "fields": {"product": 33, "inventory": 9, "quantity": "0.60", "unit_choices": "kg"}}, {"model": "inventory.ingredients", "pk": 44, "fields": {"product": 34, "inventory": 11, "quantity": "0.60", "unit_choices": "kg"}}, {"model": "inventory.ingredients", "pk": 45, "fields": {"product": 34, "inventory": 8, "quantity": "0.50", "unit_choices": "kg"}}, {"model": "inventory.ingredients", "pk": 46, "fields": {"product": 35, "inventory": 8, "quantity": "0.80", "unit_choices": "kg"}}, {"model": "inventory.ingredients", "pk": 47, "fields": {"product": 35, "inventory": 11, "quantity": "0.70", "unit_choices": "kg"}}, {"model": "inventory.ingredients", "pk": 48, "fields": {"product": 35, "inventory": 10, "quantity": "2.00", "unit_choices": "pcs"}}, {"model": "inventory.ingredients", "pk": 49, "fields": {"product": 36, "inventory": 12, "quantity": "0.50", "unit_choices": "kg"}}, {"model": "inventory.ingredients", "pk": 50, "fields": {"product": 36, "inventory": 11, "quantity": "0.30", "unit_choices": "kg"}}, {"model": "inventory.ingredients", "pk": 51, "fields": {"product": 36, "inventory": 10, "quantity": "3.00", "unit_choices": "pcs"}}, {"model": "inventory.ingredients", "pk": 52, "fields": {"product": 37, "inventory": 12, "quantity": "0.50", "unit_choices": "kg"}}, {"model": "inventory.ingredients", "pk": 53, "fields": {"product": 37, "inventory": 11, "quantity": "0.30", "unit_choices": "kg"}}, {"model": "inventory.ingredients", "pk": 54, "fields": {"product": 37, "inventory": 10, "quantity": "3.00", "unit_choices": "pcs"}}, {"model": "inventory.ingredients", "pk": 55, "fields": {"product": 38, "inventory": 11, "quantity": "0.50", "unit_choices": "kg"}}, {"model": "inventory.ingredients", "pk": 56, "fields": {"product": 38, "inventory": 12, "quantity": "0.50", "unit_choices": "kg"}}, {"model": "inventory.ingredients", "pk": 57, "fields": {"product": 38, "inventory": 10, "quantity": "3.00", "unit_choices": "pcs"}}, {"model": "inventory.ingredients", "pk": 58, "fields": {"product": 39, "inventory": 11, "quantity": "0.30", "unit_choices": "kg"}}, {"model": "inventory.ingredients", "pk": 59, "fields": {"product": 39, "inventory": 12, "quantity": "0.50", "unit_choices": "kg"}}, {"model": "inventory.ingredients", "pk": 60, "fields": {"product": 39, "inventory": 10, "quantity": "3.00", "unit_choices": "pcs"}}, {"model": "inventory.ingredients", "pk": 61, "fields": {"product": 40, "inventory": 11, "quantity": "0.50", "unit_choices": "kg"}}, {"model": "inventory.ingredients", "pk": 62, "fields": {"product": 40, "inventory": 14, "quantity": "6.00", "unit_choices": "pcs"}}, {"model": "inventory.ingredients", "pk": 63, "fields": {"product": 41, "inventory": 11, "quantity": "0.80", "unit_choices": "kg"}}, {"model": "inventory.ingredients", "pk": 64, "fields": {"product": 41, "inventory": 14, "quantity": "6.00", "unit_choices": "pcs"}}, {"model": "inventory.ingredients", "pk": 65, "fields": {"product": 42, "inventory": 14, "quantity": "6.00", "unit_choices": "pcs"}}, {"model": "inventory.ingredients", "pk": 66, "fields": {"product": 42, "inventory": 10, "quantity": "3.00", "unit_choices": "pcs"}}, {"model": "inventory.ingredients", "pk": 67, "fields": {"product": 43, "inventory": 13, "quantity": "0.80", "unit_choices": "kg"}}, {"model": "inventory.ingredients", "pk": 68, "fields": {"product": 43, "inventory": 14, "quantity": "6.00", "unit_choices": "pcs"}}, {"model": "inventory.order", "pk": 13, "fields": {"order_date": "2024-02-29", "total_amount": "1936.00"}}, {"model": "inventory.order", "pk": 14, "fields": {"order_date": "2024-02-29", "total_amount": "2255.00"}}, {"model": "inventory.order", "pk": 15, "fields": {"order_date": "2024-03-01", "total_amount": "1210.00"}}, {"model": "inventory.order", "pk": 16, "fields": {"order_date": "2024-03-02", "total_amount": "2486.00"}}, {"model": "inventory.order", "pk": 17, "fields": {"order_date": "2024-03-02", "total_amount": "726.00"}}, {"model": "inventory.order", "pk": 18, "fields": {"order_date": "2024-03-02", "total_amount": "1100.00"}}, {"model": "inventory.order", "pk": 19, "fields": {"order_date": "2024-03-02", "total_amount": "396.00"}}, {"model": "inventory.order", "pk": 20, "fields": {"order_date": "2024-03-04", "total_amount": "2002.00"}}, {"model": "inventory.order", "pk": 21, "fields": {"order_date": "2024-03-04", "total_amount": "3300.00"}}, {"model": "inventory.item", "pk": 35, "fields": {"order": 13, "product": 28, "quantity": 1, "sub_total": "500.00"}}, {"model": "inventory.item", "pk": 36, "fields": {"order": 13, "product": 29, "quantity": 1, "sub_total": "360.00"}}, {"model": "inventory.item", "pk": 37, "fields": {"order": 13, "product": 30, "quantity": 1, "sub_total": "300.00"}}, {"model": "inventory.item", "pk": 38, "fields": {"order": 13, "product": 31, "quantity": 1, "sub_total": "600.00"}}, {"model": "inventory.item", "pk": 39, "fields": {"order": 14, "product": 32, "quantity": 1, "sub_total": "600.00"}}, {"model": "inventory.item", "pk": 40, "fields": {"order": 14, "product": 33, "quantity": 1, "sub_total": "500.00"}}, {"model": "inventory.item", "pk": 41, "fields": {"order": 14, "product": 40, "quantity": 1, "sub_total": "500.00"}}, {"model": "inventory.item", "pk": 42, "fields": {"order": 14, "product": 36, "quantity": 1, "sub_total": "450.00"}}, {"model": "inventory.item", "pk": 43, "fields": {"order": 15, "product": 32, "quantity": 1, "sub_total": "600.00"}}, {"model": "inventory.item", "pk": 44, "fields": {"order": 15, "product": 33, "quantity": 1, "sub_total": "500.00"}}, {"model": "inventory.item", "pk": 45, "fields": {"order": 16, "product": 29, "quantity": 1, "sub_total": "360.00"}}, {"model": "inventory.item", "pk": 46, "fields": {"order": 16, "product": 34, "quantity": 1, "sub_total": "800.00"}}, {"model": "inventory.item", "pk": 47, "fields": {"order": 16, "product": 42, "quantity": 1, "sub_total": "550.00"}}, {"model": "inventory.item", "pk": 48, "fields": {"order": 16, "product": 38, "quantity": 1, "sub_total": "550.00"}}, {"model": "inventory.item", "pk": 49, "fields": {"order": 17, "product": 30, "quantity": 1, "sub_total": "300.00"}}, {"model": "inventory.item", "pk": 50, "fields": {"order": 17, "product": 29, "quantity": 1, "sub_total": "360.00"}}, {"model": "inventory.item", "pk": 51, "fields": {"order": 18, "product": 28, "quantity": 2, "sub_total": "1000.00"}}, {"model": "inventory.item", "pk": 52, "fields": {"order": 19, "product": 29, "quantity": 1, "sub_total": "360.00"}}, {"model": "inventory.item", "pk": 53, "fields": {"order": 20, "product": 28, "quantity": 1, "sub_total": "500.00"}}, {"model": "inventory.item", "pk": 54, "fields": {"order": 20, "product": 31, "quantity": 1, "sub_total": "600.00"}}, {"model": "inventory.item", "pk": 55, "fields": {"order": 20, "product": 29, "quantity": 2, "sub_total": "720.00"}}, {"model": "inventory.item", "pk": 56, "fields": {"order": 21, "product": 33, "quantity": 2, "sub_total": "1000.00"}}, {"model": "inventory.item", "pk": 57, "fields": {"order": 21, "product": 32, "quantity": 2, "sub_total": "1200.00"}}, {"model": "inventory.item", "pk": 58, "fields": {"order": 21, "product": 34, "quantity": 1, "sub_total": "800.00"}}]